{
  "total_events": 100,
  "type_distribution": {
    "cycle_start": 0.2,
    "model_call": 0.2,
    "classification": 0.2,
    "action_executed": 0.2,
    "cycle_end": 0.2
  },
  "transition_distribution": {
    "cycle_start->model_call": 0.20202020202020202,
    "model_call->classification": 0.20202020202020202,
    "classification->action_executed": 0.20202020202020202,
    "action_executed->cycle_end": 0.20202020202020202,
    "cycle_end->cycle_start": 0.1919191919191919
  },
  "transition_entropy": 2.321630656984487
}