{
  "weights": {
    "safe": 1.09331936,
    "guarded": 0.97961584,
    "restricted": 0.8635443199999998
  },
  "pressure": 1.2000000000000002,
  "pressure_history": [
    0.0,
    0.15,
    0.6,
    0.75,
    1.2
  ]
}