{
  "weights": {
    "safe": 1.1811507950771198,
    "guarded": 0.96043043168128,
    "restricted": 0.7351133256294397
  },
  "pressure": 1.2000000000000002,
  "pressure_history": [
    0.0,
    0.15,
    0.6,
    0.75,
    1.2
  ]
}