{
  "pressure": 0.16562742544903702,
  "stability": 0.931,
  "confidence": 0.99,
  "mode": "RECOVER",
  "velocity": 0.04933557109755651,
  "policy": {
    "recover_success": 1,
    "recover_fail": 2
  },
  "run_count": 2,
  "action_value": {
    "WATCH": 0.34113026448757344,
    "PREEMPT": 0.7292817907732899,
    "RECOVER": 0.11839401289969355,
    "ANTICIPATE": 0.1953935699821031
  }
}