{
  "runs": 1,
  "action_value": {
    "WATCH": 0.325355833783251,
    "PREEMPT": 0.23455000000000004,
    "RECOVER": 0.8781264069911542,
    "ANTICIPATE": 0.081
  }
}